id;file_name;description;data;data_content_type;upload_time
1;Pass Dollar;Account;../fake-data/blob/hipster.png;image/png;2022-01-17T08:26:23
2;capacitor ROI;Configurable Automotive SQL;../fake-data/blob/hipster.png;image/png;2022-01-16T19:55:05
3;Intelligent;circuit;../fake-data/blob/hipster.png;image/png;2022-01-17T13:27:34
4;Data Ergonomic;Horizontal Account;../fake-data/blob/hipster.png;image/png;2022-01-17T02:23:22
5;time-frame extensible;Place;../fake-data/blob/hipster.png;image/png;2022-01-16T19:54:07
6;Buckinghamshire;calculate withdrawal;../fake-data/blob/hipster.png;image/png;2022-01-17T10:51:59
7;Licensed Account quantifying;encompassing Total strategize;../fake-data/blob/hipster.png;image/png;2022-01-16T18:53:56
8;override incentivize radical;Intelligent Director system;../fake-data/blob/hipster.png;image/png;2022-01-17T00:12:53
9;exploit compressing Web;convergence;../fake-data/blob/hipster.png;image/png;2022-01-17T10:51:56
10;mission-critical;COM purple;../fake-data/blob/hipster.png;image/png;2022-01-17T04:24:39
