id;file_name;file_type;data;data_content_type;upload_time
1;Orchestrator;Loan Research hard;../fake-data/blob/hipster.png;image/png;2021-12-22T04:22:15
2;Industrial Assurance Bedfordshire;Cheese Borders;../fake-data/blob/hipster.png;image/png;2021-12-21T20:21:25
3;deposit;iterate Small;../fake-data/blob/hipster.png;image/png;2021-12-21T18:38:15
4;quantify;invoice Junctions;../fake-data/blob/hipster.png;image/png;2021-12-21T14:33:53
5;Lead invoice bypass;Macedonia Interactions;../fake-data/blob/hipster.png;image/png;2021-12-21T12:38:17
6;radical matrix Oregon;Gourde IB;../fake-data/blob/hipster.png;image/png;2021-12-22T04:10:27
7;Tanzania;out-of-the-box Bypass;../fake-data/blob/hipster.png;image/png;2021-12-21T10:48:39
8;invoice Steel;Bacon deposit Center;../fake-data/blob/hipster.png;image/png;2021-12-22T05:44:02
9;protocol payment;indigo Concrete;../fake-data/blob/hipster.png;image/png;2021-12-21T14:32:25
10;initiatives Pizza;action-items;../fake-data/blob/hipster.png;image/png;2021-12-21T22:13:25
