id;name;network_date;version
1;Electronics supply-chains navigating;2021-12-22T05:25:13;98716
2;wireless;2021-12-21T17:55:51;51661
3;scalable paradigm People's;2021-12-21T22:10:46;52871
4;Kids;2021-12-21T19:50:22;53773
5;maroon Handcrafted;2021-12-21T19:13:58;15023
6;Mountain open-source;2021-12-22T04:06:29;98877
7;Cambridgeshire Netherlands proactive;2021-12-21T13:41:36;93632
8;tan Idaho;2021-12-21T11:37:41;87998
9;Up-sized haptic;2021-12-21T20:26:11;41819
10;deposit Steel;2021-12-21T10:53:30;76777
