id;network_id;load_id;name
1;1080p Taiwan;12724;communities Pants
2;Internal synthesize Guyana;39526;compressing cross-platform Ergonomic
3;Dollar application success;62180;Tools
4;haptic;95444;bifurcated Sharable Canyon
5;web-readiness;90738;bandwidth
6;Loan Tasty synergies;85820;Palestinian Rubber
7;Intelligent Enhanced Chief;89121;Managed AGP Organic
8;Functionality;43141;blue Baby Home
9;Plastic Fish lavender;17232;Berkshire Shirt supply-chains
10;SCSI motivating didactic;33060;motivating human-resource
