id;name;default_value;is_enabled;description;last_update
1;payment Secured synthesize;Dollar;false;Web Soft Quality;2022-10-24T17:51:32
2;extensible Robust pricing;Island payment;false;Synergistic;2022-10-25T02:00:31
3;Seamless Glens;Wooden navigating withdrawal;false;payment THX Accounts;2022-10-24T22:27:29
4;Unions;transition frictionless Object-based;false;Stream green Dynamic;2022-10-24T17:19:18
5;Sleek Hawaii;payment;true;UIC-Franc Auto Centralized;2022-10-24T18:45:43
6;Fantastic;maroon;false;payment;2022-10-25T07:38:48
7;action-items Granite;Belize Auto Pants;true;Automotive;2022-10-25T12:49:43
8;Assurance black Creative;Chile;false;programming Tools Cross-group;2022-10-25T12:40:04
9;innovate Squares;Assistant;false;Hawaii Senegal reintermediate;2022-10-24T16:31:26
10;Steel Principal;Persistent;true;card;2022-10-24T22:39:23
