id;power_line_branch;bus_name_1;bus_name_2
1;Views Iraqi Fresh;Orchestrator Incredible;connect Cambridgeshire
2;holistic panel withdrawal;customized Account feed;optical
3;Borders transmitting Towels;plum Metal;hacking Tunisian Market
4;Metal exploit;Pa'anga;Idaho
5;content;Agent;Dynamic feed
6;Taiwan;Digitized Central;Maine Director
7;Guadeloupe;viral;Personal
8;asymmetric;Stream;interfaces Streamlined Pants
9;quantifying generate;bypassing 1080p payment;Cambridgeshire withdrawal pink
10;Bedfordshire;Car black;Comoros blockchains Program
